<?xml version="1.0" encoding="UTF-8"?>
<GenRun Id="fir_bp_synth_1" LaunchPart="xc7a35tcpg236-1" LaunchTime="1673119391">
  <File Type="PA-TCL" Name="fir_bp.tcl"/>
  <File Type="REPORTS-TCL" Name="fir_bp_reports.tcl"/>
  <File Type="RDS-RDS" Name="fir_bp.vds"/>
  <File Type="RDS-UTIL" Name="fir_bp_utilization_synth.rpt"/>
  <File Type="RDS-UTIL-PB" Name="fir_bp_utilization_synth.pb"/>
  <File Type="RDS-DCP" Name="fir_bp.dcp"/>
  <FileSet Name="sources" Type="BlockSrcs" RelSrcDir="$PSRCDIR/fir_bp">
    <File Path="$PSRCDIR/sources_1/ip/fir_bp/fir_bp.xci">
      <FileInfo>
        <Attr Name="UsedIn" Val="synthesis"/>
        <Attr Name="UsedIn" Val="implementation"/>
        <Attr Name="UsedIn" Val="simulation"/>
      </FileInfo>
    </File>
    <Config>
      <Option Name="TopModule" Val="fir_bp"/>
      <Option Name="UseBlackboxStub" Val="1"/>
    </Config>
  </FileSet>
  <FileSet Name="constrs_in" Type="BlockSrcs" RelSrcDir="$PSRCDIR/fir_bp">
    <File Path="$PSRCDIR/sources_1/ip/fir_bp/fir_bp.xci">
      <FileInfo>
        <Attr Name="UsedIn" Val="synthesis"/>
        <Attr Name="UsedIn" Val="implementation"/>
        <Attr Name="UsedIn" Val="simulation"/>
      </FileInfo>
    </File>
    <Config>
      <Option Name="TopModule" Val="fir_bp"/>
      <Option Name="UseBlackboxStub" Val="1"/>
    </Config>
  </FileSet>
  <FileSet Name="utils" Type="Utils" RelSrcDir="$PSRCDIR/utils_1">
    <Filter Type="Utils"/>
    <Config>
      <Option Name="TopAutoSet" Val="TRUE"/>
    </Config>
  </FileSet>
  <Strategy Version="1" Minor="2">
    <StratHandle Name="Vivado Synthesis Defaults" Flow="Vivado Synthesis 2019"/>
    <Step Id="synth_design"/>
  </Strategy>
</GenRun>
