<?xml version="1.0" encoding="UTF-8" ?>
<webTalkData  fileName='usage_statistics_webtalk.xml'  majorVersion='1' minorVersion='0' timeStamp='Sun Jan  8 18:27:30 2023'>
<section name="__ROOT__" level="0" order="1" description="">
 <section name="software_version_and_target_device" level="1" order="1" description="">
  <keyValuePair key="beta" value="FALSE" description="" />
  <keyValuePair key="build_version" value="2708876" description="" />
  <keyValuePair key="date_generated" value="Sun Jan  8 18:27:30 2023" description="" />
  <keyValuePair key="os_platform" value="WIN64" description="" />
  <keyValuePair key="product_version" value="Vivado v2019.2 (64-bit)" description="" />
  <keyValuePair key="project_id" value="536b2b5ff9494289aff4ce912b7476ab" description="" />
  <keyValuePair key="project_iteration" value="76" description="" />
  <keyValuePair key="random_id" value="97b396979e6d5d88979df733502e334e" description="" />
  <keyValuePair key="registration_id" value="97b396979e6d5d88979df733502e334e" description="" />
  <keyValuePair key="route_design" value="TRUE" description="" />
  <keyValuePair key="target_device" value="xc7a35t" description="" />
  <keyValuePair key="target_family" value="artix7" description="" />
  <keyValuePair key="target_package" value="cpg236" description="" />
  <keyValuePair key="target_speed" value="-1" description="" />
  <keyValuePair key="tool_flow" value="Vivado" description="" />
 </section>
 <section name="user_environment" level="1" order="2" description="">
  <keyValuePair key="cpu_name" value="AMD Ryzen 5 7600X 6-Core Processor             " description="" />
  <keyValuePair key="cpu_speed" value="4691 MHz" description="" />
  <keyValuePair key="os_name" value="Windows Server 2016 or Windows 10" description="" />
  <keyValuePair key="os_release" value="major release  (build 9200)" description="" />
  <keyValuePair key="system_ram" value="33.000 GB" description="" />
  <keyValuePair key="total_processors" value="2" description="" />
 </section>
 <section name="ip_statistics" level="1" order="3" description="">
  <section name="clk_wiz_v6_0_4_0_0/1" level="2" order="1" description="">
   <keyValuePair key="clkin1_period" value="10.000" description="" />
   <keyValuePair key="clkin2_period" value="10.000" description="" />
   <keyValuePair key="clock_mgr_type" value="NA" description="" />
   <keyValuePair key="component_name" value="clk_wiz_0" description="" />
   <keyValuePair key="core_container" value="NA" description="" />
   <keyValuePair key="enable_axi" value="0" description="" />
   <keyValuePair key="feedback_source" value="FDBK_AUTO" description="" />
   <keyValuePair key="feedback_type" value="SINGLE" description="" />
   <keyValuePair key="iptotal" value="1" description="" />
   <keyValuePair key="manual_override" value="false" description="" />
   <keyValuePair key="num_out_clk" value="1" description="" />
   <keyValuePair key="primitive" value="MMCM" description="" />
   <keyValuePair key="use_dyn_phase_shift" value="false" description="" />
   <keyValuePair key="use_dyn_reconfig" value="false" description="" />
   <keyValuePair key="use_inclk_stopped" value="false" description="" />
   <keyValuePair key="use_inclk_switchover" value="false" description="" />
   <keyValuePair key="use_locked" value="true" description="" />
   <keyValuePair key="use_max_i_jitter" value="false" description="" />
   <keyValuePair key="use_min_o_jitter" value="false" description="" />
   <keyValuePair key="use_phase_alignment" value="true" description="" />
   <keyValuePair key="use_power_down" value="false" description="" />
   <keyValuePair key="use_reset" value="true" description="" />
  </section>
  <section name="fir_compiler_v7_2_13/1" level="2" order="2" description="">
   <keyValuePair key="c_accum_op_path_widths" value="44" description="" />
   <keyValuePair key="c_accum_path_widths" value="44" description="" />
   <keyValuePair key="c_channel_pattern" value="fixed" description="" />
   <keyValuePair key="c_coef_file" value="[user-defined]" description="" />
   <keyValuePair key="c_coef_file_lines" value="378" description="" />
   <keyValuePair key="c_coef_mem_packing" value="1" description="" />
   <keyValuePair key="c_coef_memtype" value="1" description="" />
   <keyValuePair key="c_coef_path_sign" value="0" description="" />
   <keyValuePair key="c_coef_path_src" value="0" description="" />
   <keyValuePair key="c_coef_path_widths" value="16" description="" />
   <keyValuePair key="c_coef_reload" value="0" description="" />
   <keyValuePair key="c_coef_width" value="16" description="" />
   <keyValuePair key="c_col_config" value="2" description="" />
   <keyValuePair key="c_col_mode" value="1" description="" />
   <keyValuePair key="c_col_pipe_len" value="4" description="" />
   <keyValuePair key="c_component_name" value="fir_bp" description="" />
   <keyValuePair key="c_config_packet_size" value="0" description="" />
   <keyValuePair key="c_config_sync_mode" value="0" description="" />
   <keyValuePair key="c_config_tdata_width" value="1" description="" />
   <keyValuePair key="c_data_has_tlast" value="0" description="" />
   <keyValuePair key="c_data_ip_path_widths" value="24" description="" />
   <keyValuePair key="c_data_mem_packing" value="1" description="" />
   <keyValuePair key="c_data_memtype" value="1" description="" />
   <keyValuePair key="c_data_path_psamp_src" value="0" description="" />
   <keyValuePair key="c_data_path_sign" value="0" description="" />
   <keyValuePair key="c_data_path_src" value="0" description="" />
   <keyValuePair key="c_data_path_widths" value="24" description="" />
   <keyValuePair key="c_data_px_path_widths" value="24" description="" />
   <keyValuePair key="c_data_width" value="24" description="" />
   <keyValuePair key="c_datapath_memtype" value="0" description="" />
   <keyValuePair key="c_decim_rate" value="1" description="" />
   <keyValuePair key="c_elaboration_dir" value="./" description="" />
   <keyValuePair key="c_ext_mult_cnfg" value="none" description="" />
   <keyValuePair key="c_filter_type" value="0" description="" />
   <keyValuePair key="c_filts_packed" value="1" description="" />
   <keyValuePair key="c_has_aclken" value="0" description="" />
   <keyValuePair key="c_has_aresetn" value="0" description="" />
   <keyValuePair key="c_has_config_channel" value="0" description="" />
   <keyValuePair key="c_input_rate" value="260" description="" />
   <keyValuePair key="c_interp_rate" value="1" description="" />
   <keyValuePair key="c_ipbuff_memtype" value="0" description="" />
   <keyValuePair key="c_latency" value="199" description="" />
   <keyValuePair key="c_m_data_has_tready" value="0" description="" />
   <keyValuePair key="c_m_data_has_tuser" value="0" description="" />
   <keyValuePair key="c_m_data_tdata_width" value="24" description="" />
   <keyValuePair key="c_m_data_tuser_width" value="1" description="" />
   <keyValuePair key="c_mem_arrangement" value="1" description="" />
   <keyValuePair key="c_num_channels" value="1" description="" />
   <keyValuePair key="c_num_filts" value="1" description="" />
   <keyValuePair key="c_num_madds" value="2" description="" />
   <keyValuePair key="c_num_reload_slots" value="1" description="" />
   <keyValuePair key="c_num_taps" value="755" description="" />
   <keyValuePair key="c_op_path_psamp_src" value="0" description="" />
   <keyValuePair key="c_opbuff_memtype" value="0" description="" />
   <keyValuePair key="c_opt_madds" value="none" description="" />
   <keyValuePair key="c_optimization" value="0" description="" />
   <keyValuePair key="c_output_path_widths" value="24" description="" />
   <keyValuePair key="c_output_rate" value="260" description="" />
   <keyValuePair key="c_output_width" value="24" description="" />
   <keyValuePair key="c_oversampling_rate" value="189" description="" />
   <keyValuePair key="c_px_path_src" value="0" description="" />
   <keyValuePair key="c_reload_tdata_width" value="1" description="" />
   <keyValuePair key="c_round_mode" value="1" description="" />
   <keyValuePair key="c_s_data_has_fifo" value="1" description="" />
   <keyValuePair key="c_s_data_has_tuser" value="0" description="" />
   <keyValuePair key="c_s_data_tdata_width" value="24" description="" />
   <keyValuePair key="c_s_data_tuser_width" value="1" description="" />
   <keyValuePair key="c_symmetry" value="1" description="" />
   <keyValuePair key="c_xdevicefamily" value="artix7" description="" />
   <keyValuePair key="c_zero_packing_factor" value="1" description="" />
   <keyValuePair key="core_container" value="false" description="" />
   <keyValuePair key="iptotal" value="2" description="" />
   <keyValuePair key="x_ipcorerevision" value="13" description="" />
   <keyValuePair key="x_iplanguage" value="VERILOG" description="" />
   <keyValuePair key="x_iplibrary" value="ip" description="" />
   <keyValuePair key="x_ipname" value="fir_compiler" description="" />
   <keyValuePair key="x_ipproduct" value="Vivado 2019.2" description="" />
   <keyValuePair key="x_ipsimlanguage" value="MIXED" description="" />
   <keyValuePair key="x_ipvendor" value="xilinx.com" description="" />
   <keyValuePair key="x_ipversion" value="7.2" description="" />
  </section>
  <section name="fir_compiler_v7_2_13/2" level="2" order="3" description="">
   <keyValuePair key="c_accum_op_path_widths" value="41" description="" />
   <keyValuePair key="c_accum_path_widths" value="41" description="" />
   <keyValuePair key="c_channel_pattern" value="fixed" description="" />
   <keyValuePair key="c_coef_file" value="[user-defined]" description="" />
   <keyValuePair key="c_coef_file_lines" value="231" description="" />
   <keyValuePair key="c_coef_mem_packing" value="0" description="" />
   <keyValuePair key="c_coef_memtype" value="1" description="" />
   <keyValuePair key="c_coef_path_sign" value="0" description="" />
   <keyValuePair key="c_coef_path_src" value="0" description="" />
   <keyValuePair key="c_coef_path_widths" value="16" description="" />
   <keyValuePair key="c_coef_reload" value="0" description="" />
   <keyValuePair key="c_coef_width" value="16" description="" />
   <keyValuePair key="c_col_config" value="1" description="" />
   <keyValuePair key="c_col_mode" value="1" description="" />
   <keyValuePair key="c_col_pipe_len" value="4" description="" />
   <keyValuePair key="c_component_name" value="fir_compiler_hp" description="" />
   <keyValuePair key="c_config_packet_size" value="0" description="" />
   <keyValuePair key="c_config_sync_mode" value="0" description="" />
   <keyValuePair key="c_config_tdata_width" value="1" description="" />
   <keyValuePair key="c_data_has_tlast" value="0" description="" />
   <keyValuePair key="c_data_ip_path_widths" value="24" description="" />
   <keyValuePair key="c_data_mem_packing" value="1" description="" />
   <keyValuePair key="c_data_memtype" value="1" description="" />
   <keyValuePair key="c_data_path_psamp_src" value="0" description="" />
   <keyValuePair key="c_data_path_sign" value="0" description="" />
   <keyValuePair key="c_data_path_src" value="0" description="" />
   <keyValuePair key="c_data_path_widths" value="24" description="" />
   <keyValuePair key="c_data_px_path_widths" value="24" description="" />
   <keyValuePair key="c_data_width" value="24" description="" />
   <keyValuePair key="c_datapath_memtype" value="0" description="" />
   <keyValuePair key="c_decim_rate" value="1" description="" />
   <keyValuePair key="c_elaboration_dir" value="./" description="" />
   <keyValuePair key="c_ext_mult_cnfg" value="none" description="" />
   <keyValuePair key="c_filter_type" value="0" description="" />
   <keyValuePair key="c_filts_packed" value="0" description="" />
   <keyValuePair key="c_has_aclken" value="0" description="" />
   <keyValuePair key="c_has_aresetn" value="0" description="" />
   <keyValuePair key="c_has_config_channel" value="0" description="" />
   <keyValuePair key="c_input_rate" value="260" description="" />
   <keyValuePair key="c_interp_rate" value="1" description="" />
   <keyValuePair key="c_ipbuff_memtype" value="0" description="" />
   <keyValuePair key="c_latency" value="239" description="" />
   <keyValuePair key="c_m_data_has_tready" value="0" description="" />
   <keyValuePair key="c_m_data_has_tuser" value="0" description="" />
   <keyValuePair key="c_m_data_tdata_width" value="24" description="" />
   <keyValuePair key="c_m_data_tuser_width" value="1" description="" />
   <keyValuePair key="c_mem_arrangement" value="1" description="" />
   <keyValuePair key="c_num_channels" value="1" description="" />
   <keyValuePair key="c_num_filts" value="1" description="" />
   <keyValuePair key="c_num_madds" value="1" description="" />
   <keyValuePair key="c_num_reload_slots" value="1" description="" />
   <keyValuePair key="c_num_taps" value="461" description="" />
   <keyValuePair key="c_op_path_psamp_src" value="0" description="" />
   <keyValuePair key="c_opbuff_memtype" value="0" description="" />
   <keyValuePair key="c_opt_madds" value="none" description="" />
   <keyValuePair key="c_optimization" value="0" description="" />
   <keyValuePair key="c_output_path_widths" value="24" description="" />
   <keyValuePair key="c_output_rate" value="260" description="" />
   <keyValuePair key="c_output_width" value="24" description="" />
   <keyValuePair key="c_oversampling_rate" value="231" description="" />
   <keyValuePair key="c_px_path_src" value="0" description="" />
   <keyValuePair key="c_reload_tdata_width" value="1" description="" />
   <keyValuePair key="c_round_mode" value="1" description="" />
   <keyValuePair key="c_s_data_has_fifo" value="1" description="" />
   <keyValuePair key="c_s_data_has_tuser" value="0" description="" />
   <keyValuePair key="c_s_data_tdata_width" value="24" description="" />
   <keyValuePair key="c_s_data_tuser_width" value="1" description="" />
   <keyValuePair key="c_symmetry" value="1" description="" />
   <keyValuePair key="c_xdevicefamily" value="artix7" description="" />
   <keyValuePair key="c_zero_packing_factor" value="1" description="" />
   <keyValuePair key="core_container" value="NA" description="" />
   <keyValuePair key="iptotal" value="2" description="" />
   <keyValuePair key="x_ipcorerevision" value="13" description="" />
   <keyValuePair key="x_iplanguage" value="VERILOG" description="" />
   <keyValuePair key="x_iplibrary" value="ip" description="" />
   <keyValuePair key="x_ipname" value="fir_compiler" description="" />
   <keyValuePair key="x_ipproduct" value="Vivado 2019.2" description="" />
   <keyValuePair key="x_ipsimlanguage" value="MIXED" description="" />
   <keyValuePair key="x_ipvendor" value="xilinx.com" description="" />
   <keyValuePair key="x_ipversion" value="7.2" description="" />
  </section>
  <section name="fir_compiler_v7_2_13/3" level="2" order="4" description="">
   <keyValuePair key="c_accum_op_path_widths" value="45" description="" />
   <keyValuePair key="c_accum_path_widths" value="45" description="" />
   <keyValuePair key="c_channel_pattern" value="fixed" description="" />
   <keyValuePair key="c_coef_file" value="[user-defined]" description="" />
   <keyValuePair key="c_coef_file_lines" value="231" description="" />
   <keyValuePair key="c_coef_mem_packing" value="0" description="" />
   <keyValuePair key="c_coef_memtype" value="1" description="" />
   <keyValuePair key="c_coef_path_sign" value="0" description="" />
   <keyValuePair key="c_coef_path_src" value="0" description="" />
   <keyValuePair key="c_coef_path_widths" value="16" description="" />
   <keyValuePair key="c_coef_reload" value="0" description="" />
   <keyValuePair key="c_coef_width" value="16" description="" />
   <keyValuePair key="c_col_config" value="1" description="" />
   <keyValuePair key="c_col_mode" value="1" description="" />
   <keyValuePair key="c_col_pipe_len" value="4" description="" />
   <keyValuePair key="c_component_name" value="fir_lp" description="" />
   <keyValuePair key="c_config_packet_size" value="0" description="" />
   <keyValuePair key="c_config_sync_mode" value="0" description="" />
   <keyValuePair key="c_config_tdata_width" value="1" description="" />
   <keyValuePair key="c_data_has_tlast" value="0" description="" />
   <keyValuePair key="c_data_ip_path_widths" value="24" description="" />
   <keyValuePair key="c_data_mem_packing" value="1" description="" />
   <keyValuePair key="c_data_memtype" value="1" description="" />
   <keyValuePair key="c_data_path_psamp_src" value="0" description="" />
   <keyValuePair key="c_data_path_sign" value="0" description="" />
   <keyValuePair key="c_data_path_src" value="0" description="" />
   <keyValuePair key="c_data_path_widths" value="24" description="" />
   <keyValuePair key="c_data_px_path_widths" value="24" description="" />
   <keyValuePair key="c_data_width" value="24" description="" />
   <keyValuePair key="c_datapath_memtype" value="0" description="" />
   <keyValuePair key="c_decim_rate" value="1" description="" />
   <keyValuePair key="c_elaboration_dir" value="./" description="" />
   <keyValuePair key="c_ext_mult_cnfg" value="none" description="" />
   <keyValuePair key="c_filter_type" value="0" description="" />
   <keyValuePair key="c_filts_packed" value="0" description="" />
   <keyValuePair key="c_has_aclken" value="0" description="" />
   <keyValuePair key="c_has_aresetn" value="0" description="" />
   <keyValuePair key="c_has_config_channel" value="0" description="" />
   <keyValuePair key="c_input_rate" value="260" description="" />
   <keyValuePair key="c_interp_rate" value="1" description="" />
   <keyValuePair key="c_ipbuff_memtype" value="0" description="" />
   <keyValuePair key="c_latency" value="239" description="" />
   <keyValuePair key="c_m_data_has_tready" value="0" description="" />
   <keyValuePair key="c_m_data_has_tuser" value="0" description="" />
   <keyValuePair key="c_m_data_tdata_width" value="24" description="" />
   <keyValuePair key="c_m_data_tuser_width" value="1" description="" />
   <keyValuePair key="c_mem_arrangement" value="1" description="" />
   <keyValuePair key="c_num_channels" value="1" description="" />
   <keyValuePair key="c_num_filts" value="1" description="" />
   <keyValuePair key="c_num_madds" value="1" description="" />
   <keyValuePair key="c_num_reload_slots" value="1" description="" />
   <keyValuePair key="c_num_taps" value="461" description="" />
   <keyValuePair key="c_op_path_psamp_src" value="0" description="" />
   <keyValuePair key="c_opbuff_memtype" value="0" description="" />
   <keyValuePair key="c_opt_madds" value="none" description="" />
   <keyValuePair key="c_optimization" value="0" description="" />
   <keyValuePair key="c_output_path_widths" value="24" description="" />
   <keyValuePair key="c_output_rate" value="260" description="" />
   <keyValuePair key="c_output_width" value="24" description="" />
   <keyValuePair key="c_oversampling_rate" value="231" description="" />
   <keyValuePair key="c_px_path_src" value="0" description="" />
   <keyValuePair key="c_reload_tdata_width" value="1" description="" />
   <keyValuePair key="c_round_mode" value="1" description="" />
   <keyValuePair key="c_s_data_has_fifo" value="1" description="" />
   <keyValuePair key="c_s_data_has_tuser" value="0" description="" />
   <keyValuePair key="c_s_data_tdata_width" value="24" description="" />
   <keyValuePair key="c_s_data_tuser_width" value="1" description="" />
   <keyValuePair key="c_symmetry" value="1" description="" />
   <keyValuePair key="c_xdevicefamily" value="artix7" description="" />
   <keyValuePair key="c_zero_packing_factor" value="1" description="" />
   <keyValuePair key="core_container" value="false" description="" />
   <keyValuePair key="iptotal" value="2" description="" />
   <keyValuePair key="x_ipcorerevision" value="13" description="" />
   <keyValuePair key="x_iplanguage" value="VERILOG" description="" />
   <keyValuePair key="x_iplibrary" value="ip" description="" />
   <keyValuePair key="x_ipname" value="fir_compiler" description="" />
   <keyValuePair key="x_ipproduct" value="Vivado 2019.2" description="" />
   <keyValuePair key="x_ipsimlanguage" value="MIXED" description="" />
   <keyValuePair key="x_ipvendor" value="xilinx.com" description="" />
   <keyValuePair key="x_ipversion" value="7.2" description="" />
  </section>
 </section>
 <section name="phys_opt_design_post_place" level="1" order="4" description="">
  <section name="command_line_options" level="2" order="1" description="">
   <keyValuePair key="-aggressive_hold_fix" value="default::[not_specified]" description="" />
   <keyValuePair key="-bram_register_opt" value="default::[not_specified]" description="" />
   <keyValuePair key="-clock_opt" value="default::[not_specified]" description="" />
   <keyValuePair key="-critical_cell_opt" value="default::[not_specified]" description="" />
   <keyValuePair key="-critical_pin_opt" value="default::[not_specified]" description="" />
   <keyValuePair key="-directive" value="default::[not_specified]" description="" />
   <keyValuePair key="-dsp_register_opt" value="default::[not_specified]" description="" />
   <keyValuePair key="-effort_level" value="default::[not_specified]" description="" />
   <keyValuePair key="-fanout_opt" value="default::[not_specified]" description="" />
   <keyValuePair key="-hold_fix" value="default::[not_specified]" description="" />
   <keyValuePair key="-insert_negative_edge_ffs" value="default::[not_specified]" description="" />
   <keyValuePair key="-multi_clock_opt" value="default::[not_specified]" description="" />
   <keyValuePair key="-placement_opt" value="default::[not_specified]" description="" />
   <keyValuePair key="-restruct_opt" value="default::[not_specified]" description="" />
   <keyValuePair key="-retime" value="default::[not_specified]" description="" />
   <keyValuePair key="-rewire" value="default::[not_specified]" description="" />
   <keyValuePair key="-shift_register_opt" value="default::[not_specified]" description="" />
   <keyValuePair key="-uram_register_opt" value="default::[not_specified]" description="" />
   <keyValuePair key="-verbose" value="default::[not_specified]" description="" />
   <keyValuePair key="-vhfn" value="default::[not_specified]" description="" />
  </section>
 </section>
 <section name="power_opt_design" level="1" order="5" description="">
  <section name="command_line_options_spo" level="2" order="1" description="">
   <keyValuePair key="-cell_types" value="default::all" description="" />
   <keyValuePair key="-clocks" value="default::[not_specified]" description="" />
   <keyValuePair key="-exclude_cells" value="default::[not_specified]" description="" />
   <keyValuePair key="-include_cells" value="default::[not_specified]" description="" />
  </section>
  <section name="usage" level="2" order="2" description="">
   <keyValuePair key="bram_ports_augmented" value="0" description="" />
   <keyValuePair key="bram_ports_newly_gated" value="0" description="" />
   <keyValuePair key="bram_ports_total" value="32" description="" />
   <keyValuePair key="flow_state" value="default" description="" />
   <keyValuePair key="slice_registers_augmented" value="0" description="" />
   <keyValuePair key="slice_registers_newly_gated" value="0" description="" />
   <keyValuePair key="slice_registers_total" value="1383" description="" />
   <keyValuePair key="srls_augmented" value="0" description="" />
   <keyValuePair key="srls_newly_gated" value="0" description="" />
   <keyValuePair key="srls_total" value="262" description="" />
  </section>
 </section>
 <section name="report_drc" level="1" order="6" description="">
  <section name="command_line_options" level="2" order="1" description="">
   <keyValuePair key="-append" value="default::[not_specified]" description="" />
   <keyValuePair key="-checks" value="default::[not_specified]" description="" />
   <keyValuePair key="-fail_on" value="default::[not_specified]" description="" />
   <keyValuePair key="-force" value="default::[not_specified]" description="" />
   <keyValuePair key="-format" value="default::[not_specified]" description="" />
   <keyValuePair key="-internal" value="default::[not_specified]" description="" />
   <keyValuePair key="-internal_only" value="default::[not_specified]" description="" />
   <keyValuePair key="-messages" value="default::[not_specified]" description="" />
   <keyValuePair key="-name" value="default::[not_specified]" description="" />
   <keyValuePair key="-no_waivers" value="default::[not_specified]" description="" />
   <keyValuePair key="-return_string" value="default::[not_specified]" description="" />
   <keyValuePair key="-ruledecks" value="default::[not_specified]" description="" />
   <keyValuePair key="-upgrade_cw" value="default::[not_specified]" description="" />
   <keyValuePair key="-waived" value="default::[not_specified]" description="" />
  </section>
  <section name="results" level="2" order="2" description="">
   <keyValuePair key="cfgbvs-1" value="1" description="" />
   <keyValuePair key="reqp-28" value="2" description="" />
   <keyValuePair key="reqp-30" value="2" description="" />
  </section>
 </section>
 <section name="report_utilization" level="1" order="7" description="">
  <section name="clocking" level="2" order="1" description="">
   <keyValuePair key="bufgctrl_available" value="32" description="" />
   <keyValuePair key="bufgctrl_fixed" value="0" description="" />
   <keyValuePair key="bufgctrl_used" value="2" description="" />
   <keyValuePair key="bufgctrl_util_percentage" value="6.25" description="" />
   <keyValuePair key="bufhce_available" value="72" description="" />
   <keyValuePair key="bufhce_fixed" value="0" description="" />
   <keyValuePair key="bufhce_used" value="0" description="" />
   <keyValuePair key="bufhce_util_percentage" value="0.00" description="" />
   <keyValuePair key="bufio_available" value="20" description="" />
   <keyValuePair key="bufio_fixed" value="0" description="" />
   <keyValuePair key="bufio_used" value="0" description="" />
   <keyValuePair key="bufio_util_percentage" value="0.00" description="" />
   <keyValuePair key="bufmrce_available" value="10" description="" />
   <keyValuePair key="bufmrce_fixed" value="0" description="" />
   <keyValuePair key="bufmrce_used" value="0" description="" />
   <keyValuePair key="bufmrce_util_percentage" value="0.00" description="" />
   <keyValuePair key="bufr_available" value="20" description="" />
   <keyValuePair key="bufr_fixed" value="0" description="" />
   <keyValuePair key="bufr_used" value="0" description="" />
   <keyValuePair key="bufr_util_percentage" value="0.00" description="" />
   <keyValuePair key="mmcme2_adv_available" value="5" description="" />
   <keyValuePair key="mmcme2_adv_fixed" value="0" description="" />
   <keyValuePair key="mmcme2_adv_used" value="1" description="" />
   <keyValuePair key="mmcme2_adv_util_percentage" value="20.00" description="" />
   <keyValuePair key="plle2_adv_available" value="5" description="" />
   <keyValuePair key="plle2_adv_fixed" value="0" description="" />
   <keyValuePair key="plle2_adv_used" value="0" description="" />
   <keyValuePair key="plle2_adv_util_percentage" value="0.00" description="" />
  </section>
  <section name="dsp" level="2" order="2" description="">
   <keyValuePair key="dsp48e1_only_used" value="10" description="" />
   <keyValuePair key="dsps_available" value="90" description="" />
   <keyValuePair key="dsps_fixed" value="0" description="" />
   <keyValuePair key="dsps_used" value="10" description="" />
   <keyValuePair key="dsps_util_percentage" value="11.11" description="" />
  </section>
  <section name="io_standard" level="2" order="3" description="">
   <keyValuePair key="blvds_25" value="0" description="" />
   <keyValuePair key="diff_hstl_i" value="0" description="" />
   <keyValuePair key="diff_hstl_i_18" value="0" description="" />
   <keyValuePair key="diff_hstl_ii" value="0" description="" />
   <keyValuePair key="diff_hstl_ii_18" value="0" description="" />
   <keyValuePair key="diff_hsul_12" value="0" description="" />
   <keyValuePair key="diff_mobile_ddr" value="0" description="" />
   <keyValuePair key="diff_sstl135" value="0" description="" />
   <keyValuePair key="diff_sstl135_r" value="0" description="" />
   <keyValuePair key="diff_sstl15" value="0" description="" />
   <keyValuePair key="diff_sstl15_r" value="0" description="" />
   <keyValuePair key="diff_sstl18_i" value="0" description="" />
   <keyValuePair key="diff_sstl18_ii" value="0" description="" />
   <keyValuePair key="hstl_i" value="0" description="" />
   <keyValuePair key="hstl_i_18" value="0" description="" />
   <keyValuePair key="hstl_ii" value="0" description="" />
   <keyValuePair key="hstl_ii_18" value="0" description="" />
   <keyValuePair key="hsul_12" value="0" description="" />
   <keyValuePair key="lvcmos12" value="0" description="" />
   <keyValuePair key="lvcmos15" value="0" description="" />
   <keyValuePair key="lvcmos18" value="0" description="" />
   <keyValuePair key="lvcmos25" value="0" description="" />
   <keyValuePair key="lvcmos33" value="1" description="" />
   <keyValuePair key="lvds_25" value="0" description="" />
   <keyValuePair key="lvttl" value="0" description="" />
   <keyValuePair key="mini_lvds_25" value="0" description="" />
   <keyValuePair key="mobile_ddr" value="0" description="" />
   <keyValuePair key="pci33_3" value="0" description="" />
   <keyValuePair key="ppds_25" value="0" description="" />
   <keyValuePair key="rsds_25" value="0" description="" />
   <keyValuePair key="sstl135" value="0" description="" />
   <keyValuePair key="sstl135_r" value="0" description="" />
   <keyValuePair key="sstl15" value="0" description="" />
   <keyValuePair key="sstl15_r" value="0" description="" />
   <keyValuePair key="sstl18_i" value="0" description="" />
   <keyValuePair key="sstl18_ii" value="0" description="" />
   <keyValuePair key="tmds_33" value="0" description="" />
  </section>
  <section name="memory" level="2" order="4" description="">
   <keyValuePair key="block_ram_tile_available" value="50" description="" />
   <keyValuePair key="block_ram_tile_fixed" value="0" description="" />
   <keyValuePair key="block_ram_tile_used" value="12" description="" />
   <keyValuePair key="block_ram_tile_util_percentage" value="24.00" description="" />
   <keyValuePair key="ramb18_available" value="100" description="" />
   <keyValuePair key="ramb18_fixed" value="0" description="" />
   <keyValuePair key="ramb18_used" value="8" description="" />
   <keyValuePair key="ramb18_util_percentage" value="8.00" description="" />
   <keyValuePair key="ramb18e1_only_used" value="8" description="" />
   <keyValuePair key="ramb36_fifo_available" value="50" description="" />
   <keyValuePair key="ramb36_fifo_fixed" value="0" description="" />
   <keyValuePair key="ramb36_fifo_used" value="8" description="" />
   <keyValuePair key="ramb36_fifo_util_percentage" value="16.00" description="" />
   <keyValuePair key="ramb36e1_only_used" value="8" description="" />
  </section>
  <section name="primitives" level="2" order="5" description="">
   <keyValuePair key="bufg_functional_category" value="Clock" description="" />
   <keyValuePair key="bufg_used" value="2" description="" />
   <keyValuePair key="carry4_functional_category" value="CarryLogic" description="" />
   <keyValuePair key="carry4_used" value="241" description="" />
   <keyValuePair key="dsp48e1_functional_category" value="Block Arithmetic" description="" />
   <keyValuePair key="dsp48e1_used" value="10" description="" />
   <keyValuePair key="fdre_functional_category" value="Flop &amp; Latch" description="" />
   <keyValuePair key="fdre_used" value="1383" description="" />
   <keyValuePair key="ibuf_functional_category" value="IO" description="" />
   <keyValuePair key="ibuf_used" value="7" description="" />
   <keyValuePair key="lut1_functional_category" value="LUT" description="" />
   <keyValuePair key="lut1_used" value="94" description="" />
   <keyValuePair key="lut2_functional_category" value="LUT" description="" />
   <keyValuePair key="lut2_used" value="257" description="" />
   <keyValuePair key="lut3_functional_category" value="LUT" description="" />
   <keyValuePair key="lut3_used" value="293" description="" />
   <keyValuePair key="lut4_functional_category" value="LUT" description="" />
   <keyValuePair key="lut4_used" value="195" description="" />
   <keyValuePair key="lut5_functional_category" value="LUT" description="" />
   <keyValuePair key="lut5_used" value="264" description="" />
   <keyValuePair key="lut6_functional_category" value="LUT" description="" />
   <keyValuePair key="lut6_used" value="596" description="" />
   <keyValuePair key="mmcme2_adv_functional_category" value="Clock" description="" />
   <keyValuePair key="mmcme2_adv_used" value="1" description="" />
   <keyValuePair key="obuf_functional_category" value="IO" description="" />
   <keyValuePair key="obuf_used" value="22" description="" />
   <keyValuePair key="ramb18e1_functional_category" value="Block Memory" description="" />
   <keyValuePair key="ramb18e1_used" value="8" description="" />
   <keyValuePair key="ramb36e1_functional_category" value="Block Memory" description="" />
   <keyValuePair key="ramb36e1_used" value="8" description="" />
   <keyValuePair key="srl16e_functional_category" value="Distributed Memory" description="" />
   <keyValuePair key="srl16e_used" value="262" description="" />
  </section>
  <section name="slice_logic" level="2" order="6" description="">
   <keyValuePair key="f7_muxes_available" value="16300" description="" />
   <keyValuePair key="f7_muxes_fixed" value="0" description="" />
   <keyValuePair key="f7_muxes_used" value="0" description="" />
   <keyValuePair key="f7_muxes_util_percentage" value="0.00" description="" />
   <keyValuePair key="f8_muxes_available" value="8150" description="" />
   <keyValuePair key="f8_muxes_fixed" value="0" description="" />
   <keyValuePair key="f8_muxes_used" value="0" description="" />
   <keyValuePair key="f8_muxes_util_percentage" value="0.00" description="" />
   <keyValuePair key="lut_as_distributed_ram_fixed" value="0" description="" />
   <keyValuePair key="lut_as_distributed_ram_fixed" value="0" description="" />
   <keyValuePair key="lut_as_distributed_ram_used" value="0" description="" />
   <keyValuePair key="lut_as_distributed_ram_used" value="0" description="" />
   <keyValuePair key="lut_as_logic_available" value="20800" description="" />
   <keyValuePair key="lut_as_logic_available" value="20800" description="" />
   <keyValuePair key="lut_as_logic_fixed" value="0" description="" />
   <keyValuePair key="lut_as_logic_fixed" value="0" description="" />
   <keyValuePair key="lut_as_logic_used" value="1442" description="" />
   <keyValuePair key="lut_as_logic_used" value="1442" description="" />
   <keyValuePair key="lut_as_logic_util_percentage" value="6.93" description="" />
   <keyValuePair key="lut_as_logic_util_percentage" value="6.93" description="" />
   <keyValuePair key="lut_as_memory_available" value="9600" description="" />
   <keyValuePair key="lut_as_memory_available" value="9600" description="" />
   <keyValuePair key="lut_as_memory_fixed" value="0" description="" />
   <keyValuePair key="lut_as_memory_fixed" value="0" description="" />
   <keyValuePair key="lut_as_memory_used" value="142" description="" />
   <keyValuePair key="lut_as_memory_used" value="142" description="" />
   <keyValuePair key="lut_as_memory_util_percentage" value="1.48" description="" />
   <keyValuePair key="lut_as_memory_util_percentage" value="1.48" description="" />
   <keyValuePair key="lut_as_shift_register_fixed" value="0" description="" />
   <keyValuePair key="lut_as_shift_register_fixed" value="0" description="" />
   <keyValuePair key="lut_as_shift_register_used" value="142" description="" />
   <keyValuePair key="lut_as_shift_register_used" value="142" description="" />
   <keyValuePair key="lut_in_front_of_the_register_is_unused_fixed" value="142" description="" />
   <keyValuePair key="lut_in_front_of_the_register_is_unused_used" value="590" description="" />
   <keyValuePair key="lut_in_front_of_the_register_is_used_fixed" value="590" description="" />
   <keyValuePair key="lut_in_front_of_the_register_is_used_used" value="191" description="" />
   <keyValuePair key="register_as_flip_flop_available" value="41600" description="" />
   <keyValuePair key="register_as_flip_flop_fixed" value="0" description="" />
   <keyValuePair key="register_as_flip_flop_used" value="1383" description="" />
   <keyValuePair key="register_as_flip_flop_util_percentage" value="3.32" description="" />
   <keyValuePair key="register_as_latch_available" value="41600" description="" />
   <keyValuePair key="register_as_latch_fixed" value="0" description="" />
   <keyValuePair key="register_as_latch_used" value="0" description="" />
   <keyValuePair key="register_as_latch_util_percentage" value="0.00" description="" />
   <keyValuePair key="register_driven_from_outside_the_slice_fixed" value="191" description="" />
   <keyValuePair key="register_driven_from_outside_the_slice_used" value="781" description="" />
   <keyValuePair key="register_driven_from_within_the_slice_fixed" value="781" description="" />
   <keyValuePair key="register_driven_from_within_the_slice_used" value="602" description="" />
   <keyValuePair key="slice_available" value="8150" description="" />
   <keyValuePair key="slice_fixed" value="0" description="" />
   <keyValuePair key="slice_luts_available" value="20800" description="" />
   <keyValuePair key="slice_luts_fixed" value="0" description="" />
   <keyValuePair key="slice_luts_used" value="1584" description="" />
   <keyValuePair key="slice_luts_util_percentage" value="7.62" description="" />
   <keyValuePair key="slice_registers_available" value="41600" description="" />
   <keyValuePair key="slice_registers_available" value="41600" description="" />
   <keyValuePair key="slice_registers_fixed" value="0" description="" />
   <keyValuePair key="slice_registers_fixed" value="0" description="" />
   <keyValuePair key="slice_registers_used" value="1383" description="" />
   <keyValuePair key="slice_registers_used" value="1383" description="" />
   <keyValuePair key="slice_registers_util_percentage" value="3.32" description="" />
   <keyValuePair key="slice_registers_util_percentage" value="3.32" description="" />
   <keyValuePair key="slice_used" value="678" description="" />
   <keyValuePair key="slice_util_percentage" value="8.32" description="" />
   <keyValuePair key="slicel_fixed" value="0" description="" />
   <keyValuePair key="slicel_used" value="465" description="" />
   <keyValuePair key="slicem_fixed" value="0" description="" />
   <keyValuePair key="slicem_used" value="213" description="" />
   <keyValuePair key="unique_control_sets_available" value="8150" description="" />
   <keyValuePair key="unique_control_sets_fixed" value="8150" description="" />
   <keyValuePair key="unique_control_sets_used" value="47" description="" />
   <keyValuePair key="unique_control_sets_util_percentage" value="0.58" description="" />
   <keyValuePair key="using_o5_and_o6_fixed" value="0.58" description="" />
   <keyValuePair key="using_o5_and_o6_used" value="120" description="" />
   <keyValuePair key="using_o5_output_only_fixed" value="120" description="" />
   <keyValuePair key="using_o5_output_only_used" value="22" description="" />
   <keyValuePair key="using_o6_output_only_fixed" value="22" description="" />
   <keyValuePair key="using_o6_output_only_used" value="0" description="" />
  </section>
  <section name="specific_feature" level="2" order="7" description="">
   <keyValuePair key="bscane2_available" value="4" description="" />
   <keyValuePair key="bscane2_fixed" value="0" description="" />
   <keyValuePair key="bscane2_used" value="0" description="" />
   <keyValuePair key="bscane2_util_percentage" value="0.00" description="" />
   <keyValuePair key="capturee2_available" value="1" description="" />
   <keyValuePair key="capturee2_fixed" value="0" description="" />
   <keyValuePair key="capturee2_used" value="0" description="" />
   <keyValuePair key="capturee2_util_percentage" value="0.00" description="" />
   <keyValuePair key="dna_port_available" value="1" description="" />
   <keyValuePair key="dna_port_fixed" value="0" description="" />
   <keyValuePair key="dna_port_used" value="0" description="" />
   <keyValuePair key="dna_port_util_percentage" value="0.00" description="" />
   <keyValuePair key="efuse_usr_available" value="1" description="" />
   <keyValuePair key="efuse_usr_fixed" value="0" description="" />
   <keyValuePair key="efuse_usr_used" value="0" description="" />
   <keyValuePair key="efuse_usr_util_percentage" value="0.00" description="" />
   <keyValuePair key="frame_ecce2_available" value="1" description="" />
   <keyValuePair key="frame_ecce2_fixed" value="0" description="" />
   <keyValuePair key="frame_ecce2_used" value="0" description="" />
   <keyValuePair key="frame_ecce2_util_percentage" value="0.00" description="" />
   <keyValuePair key="icape2_available" value="2" description="" />
   <keyValuePair key="icape2_fixed" value="0" description="" />
   <keyValuePair key="icape2_used" value="0" description="" />
   <keyValuePair key="icape2_util_percentage" value="0.00" description="" />
   <keyValuePair key="pcie_2_1_available" value="1" description="" />
   <keyValuePair key="pcie_2_1_fixed" value="0" description="" />
   <keyValuePair key="pcie_2_1_used" value="0" description="" />
   <keyValuePair key="pcie_2_1_util_percentage" value="0.00" description="" />
   <keyValuePair key="startupe2_available" value="1" description="" />
   <keyValuePair key="startupe2_fixed" value="0" description="" />
   <keyValuePair key="startupe2_used" value="0" description="" />
   <keyValuePair key="startupe2_util_percentage" value="0.00" description="" />
   <keyValuePair key="xadc_available" value="1" description="" />
   <keyValuePair key="xadc_fixed" value="0" description="" />
   <keyValuePair key="xadc_used" value="0" description="" />
   <keyValuePair key="xadc_util_percentage" value="0.00" description="" />
  </section>
 </section>
 <section name="synthesis" level="1" order="8" description="">
  <section name="command_line_options" level="2" order="1" description="">
   <keyValuePair key="-assert" value="default::[not_specified]" description="" />
   <keyValuePair key="-bufg" value="default::12" description="" />
   <keyValuePair key="-cascade_dsp" value="default::auto" description="" />
   <keyValuePair key="-constrset" value="default::[not_specified]" description="" />
   <keyValuePair key="-control_set_opt_threshold" value="default::auto" description="" />
   <keyValuePair key="-directive" value="default::default" description="" />
   <keyValuePair key="-fanout_limit" value="default::10000" description="" />
   <keyValuePair key="-flatten_hierarchy" value="default::rebuilt" description="" />
   <keyValuePair key="-fsm_extraction" value="default::auto" description="" />
   <keyValuePair key="-gated_clock_conversion" value="default::off" description="" />
   <keyValuePair key="-generic" value="default::[not_specified]" description="" />
   <keyValuePair key="-include_dirs" value="default::[not_specified]" description="" />
   <keyValuePair key="-keep_equivalent_registers" value="default::[not_specified]" description="" />
   <keyValuePair key="-max_bram" value="default::-1" description="" />
   <keyValuePair key="-max_bram_cascade_height" value="default::-1" description="" />
   <keyValuePair key="-max_dsp" value="default::-1" description="" />
   <keyValuePair key="-max_uram" value="default::-1" description="" />
   <keyValuePair key="-max_uram_cascade_height" value="default::-1" description="" />
   <keyValuePair key="-mode" value="default::default" description="" />
   <keyValuePair key="-name" value="default::[not_specified]" description="" />
   <keyValuePair key="-no_lc" value="default::[not_specified]" description="" />
   <keyValuePair key="-no_srlextract" value="default::[not_specified]" description="" />
   <keyValuePair key="-no_timing_driven" value="default::[not_specified]" description="" />
   <keyValuePair key="-part" value="xc7a35tcpg236-1" description="" />
   <keyValuePair key="-resource_sharing" value="default::auto" description="" />
   <keyValuePair key="-retiming" value="default::[not_specified]" description="" />
   <keyValuePair key="-rtl" value="default::[not_specified]" description="" />
   <keyValuePair key="-rtl_skip_constraints" value="default::[not_specified]" description="" />
   <keyValuePair key="-rtl_skip_ip" value="default::[not_specified]" description="" />
   <keyValuePair key="-seu_protect" value="default::none" description="" />
   <keyValuePair key="-sfcu" value="default::[not_specified]" description="" />
   <keyValuePair key="-shreg_min_size" value="default::3" description="" />
   <keyValuePair key="-top" value="top" description="" />
   <keyValuePair key="-verilog_define" value="default::[not_specified]" description="" />
  </section>
  <section name="usage" level="2" order="2" description="">
   <keyValuePair key="elapsed" value="00:00:19s" description="" />
   <keyValuePair key="hls_ip" value="0" description="" />
   <keyValuePair key="memory_gain" value="706.211MB" description="" />
   <keyValuePair key="memory_peak" value="1165.219MB" description="" />
  </section>
 </section>
 <section name="unisim_transformation" level="1" order="9" description="">
  <section name="post_unisim_transformation" level="2" order="1" description="">
   <keyValuePair key="bufg" value="2" description="" />
   <keyValuePair key="carry4" value="241" description="" />
   <keyValuePair key="dsp48e1" value="10" description="" />
   <keyValuePair key="fdre" value="1389" description="" />
   <keyValuePair key="gnd" value="140" description="" />
   <keyValuePair key="ibuf" value="7" description="" />
   <keyValuePair key="lut1" value="94" description="" />
   <keyValuePair key="lut2" value="263" description="" />
   <keyValuePair key="lut3" value="293" description="" />
   <keyValuePair key="lut4" value="195" description="" />
   <keyValuePair key="lut5" value="264" description="" />
   <keyValuePair key="lut6" value="596" description="" />
   <keyValuePair key="mmcme2_adv" value="1" description="" />
   <keyValuePair key="obuf" value="22" description="" />
   <keyValuePair key="ramb18e1" value="8" description="" />
   <keyValuePair key="ramb36e1" value="8" description="" />
   <keyValuePair key="srl16e" value="262" description="" />
   <keyValuePair key="vcc" value="121" description="" />
  </section>
  <section name="pre_unisim_transformation" level="2" order="2" description="">
   <keyValuePair key="bufg" value="2" description="" />
   <keyValuePair key="carry4" value="241" description="" />
   <keyValuePair key="dsp48e1" value="10" description="" />
   <keyValuePair key="fdre" value="1389" description="" />
   <keyValuePair key="gnd" value="140" description="" />
   <keyValuePair key="ibuf" value="8" description="" />
   <keyValuePair key="lut1" value="94" description="" />
   <keyValuePair key="lut2" value="263" description="" />
   <keyValuePair key="lut3" value="293" description="" />
   <keyValuePair key="lut4" value="195" description="" />
   <keyValuePair key="lut5" value="264" description="" />
   <keyValuePair key="lut6" value="596" description="" />
   <keyValuePair key="mmcme2_adv" value="1" description="" />
   <keyValuePair key="obuf" value="22" description="" />
   <keyValuePair key="ramb18e1" value="8" description="" />
   <keyValuePair key="ramb36e1" value="8" description="" />
   <keyValuePair key="srl16e" value="262" description="" />
   <keyValuePair key="vcc" value="121" description="" />
  </section>
 </section>
 <section name="vivado_usage" level="1" order="10" description="">
  <section name="gui_handlers" level="2" order="1" description="">
   <keyValuePair key="basedialog_cancel" value="25" description="" />
   <keyValuePair key="basedialog_ok" value="506" description="" />
   <keyValuePair key="closeplanner_yes" value="1" description="" />
   <keyValuePair key="cmdmsgdialog_messages" value="2" description="" />
   <keyValuePair key="cmdmsgdialog_ok" value="15" description="" />
   <keyValuePair key="constraintschooserpanel_add_files" value="1" description="" />
   <keyValuePair key="constraintschooserpanel_copy_constraints_files_into_project" value="1" description="" />
   <keyValuePair key="coretreetablepanel_core_tree_table" value="78" description="" />
   <keyValuePair key="createsrcfiledialog_file_name" value="19" description="" />
   <keyValuePair key="createsrcfiledialog_file_type" value="18" description="" />
   <keyValuePair key="customizecoredialog_documentation" value="2" description="" />
   <keyValuePair key="customizecoredialog_ip_location" value="2" description="" />
   <keyValuePair key="expruntreepanel_exp_run_tree_table" value="3" description="" />
   <keyValuePair key="filesetpanel_file_set_panel_tree" value="1027" description="" />
   <keyValuePair key="flownavigatortreepanel_flow_navigator_tree" value="257" description="" />
   <keyValuePair key="fpgachooser_family" value="1" description="" />
   <keyValuePair key="fpgachooser_fpga_table" value="1" description="" />
   <keyValuePair key="fpgachooser_package" value="1" description="" />
   <keyValuePair key="fpgachooser_speed" value="1" description="" />
   <keyValuePair key="gettingstartedview_create_new_project" value="1" description="" />
   <keyValuePair key="hacgcipsymbol_show_disabled_ports" value="2" description="" />
   <keyValuePair key="hcodeeditor_close" value="1" description="" />
   <keyValuePair key="hcodeeditor_search_text_combo_box" value="2" description="" />
   <keyValuePair key="hpopuptitle_close" value="4" description="" />
   <keyValuePair key="instancemenu_floorplanning" value="1" description="" />
   <keyValuePair key="launchpanel_dont_show_this_dialog_again" value="1" description="" />
   <keyValuePair key="mainmenumgr_checkpoint" value="5" description="" />
   <keyValuePair key="mainmenumgr_constraints" value="2" description="" />
   <keyValuePair key="mainmenumgr_design_hubs" value="1" description="" />
   <keyValuePair key="mainmenumgr_edit" value="6" description="" />
   <keyValuePair key="mainmenumgr_file" value="6" description="" />
   <keyValuePair key="mainmenumgr_floorplanning" value="2" description="" />
   <keyValuePair key="mainmenumgr_flow" value="4" description="" />
   <keyValuePair key="mainmenumgr_help" value="4" description="" />
   <keyValuePair key="mainmenumgr_io_planning" value="2" description="" />
   <keyValuePair key="mainmenumgr_ip" value="2" description="" />
   <keyValuePair key="mainmenumgr_project" value="3" description="" />
   <keyValuePair key="mainmenumgr_reports" value="6" description="" />
   <keyValuePair key="mainmenumgr_tools" value="6" description="" />
   <keyValuePair key="mainmenumgr_view" value="4" description="" />
   <keyValuePair key="mainmenumgr_window" value="10" description="" />
   <keyValuePair key="mainwinmenumgr_layout" value="6" description="" />
   <keyValuePair key="messagewithoptiondialog_dont_show_this_dialog_again" value="5" description="" />
   <keyValuePair key="msgtreepanel_message_severity" value="1" description="" />
   <keyValuePair key="msgtreepanel_message_view_tree" value="92" description="" />
   <keyValuePair key="msgview_error_messages" value="2" description="" />
   <keyValuePair key="msgview_information_messages" value="4" description="" />
   <keyValuePair key="msgview_warning_messages" value="5" description="" />
   <keyValuePair key="netlisttreeview_netlist_tree" value="4" description="" />
   <keyValuePair key="openfileaction_cancel" value="2" description="" />
   <keyValuePair key="pacommandnames_add_sources" value="18" description="" />
   <keyValuePair key="pacommandnames_auto_connect_target" value="58" description="" />
   <keyValuePair key="pacommandnames_auto_update_hier" value="13" description="" />
   <keyValuePair key="pacommandnames_goto_netlist_design" value="9" description="" />
   <keyValuePair key="pacommandnames_import_all_srcs" value="1" description="" />
   <keyValuePair key="pacommandnames_open_hardware_manager" value="61" description="" />
   <keyValuePair key="pacommandnames_reload_rtl_design" value="5" description="" />
   <keyValuePair key="pacommandnames_run_bitgen" value="76" description="" />
   <keyValuePair key="pacommandnames_run_implementation" value="10" description="" />
   <keyValuePair key="pacommandnames_set_as_top" value="3" description="" />
   <keyValuePair key="pacommandnames_src_disable" value="5" description="" />
   <keyValuePair key="pacommandnames_src_enable" value="5" description="" />
   <keyValuePair key="pacommandnames_zoom_fit" value="11" description="" />
   <keyValuePair key="pacommandnames_zoom_in" value="9" description="" />
   <keyValuePair key="paviews_code" value="206" description="" />
   <keyValuePair key="paviews_device" value="10" description="" />
   <keyValuePair key="paviews_ip_catalog" value="14" description="" />
   <keyValuePair key="paviews_project_summary" value="55" description="" />
   <keyValuePair key="paviews_schematic" value="77" description="" />
   <keyValuePair key="programdebugtab_open_target" value="58" description="" />
   <keyValuePair key="programdebugtab_program_device" value="77" description="" />
   <keyValuePair key="programfpgadialog_program" value="77" description="" />
   <keyValuePair key="progressdialog_background" value="1" description="" />
   <keyValuePair key="projectnamechooser_choose_project_location" value="1" description="" />
   <keyValuePair key="projectnamechooser_project_name" value="2" description="" />
   <keyValuePair key="projectsummarytimingpanel_project_summary_timing_panel_tabbed" value="10" description="" />
   <keyValuePair key="projectsummaryutilizationgadget_project_summary_utilization_gadget_tabbed" value="2" description="" />
   <keyValuePair key="projecttab_close_design" value="1" description="" />
   <keyValuePair key="projecttab_reload" value="49" description="" />
   <keyValuePair key="rdicommands_delete" value="13" description="" />
   <keyValuePair key="rdicommands_line_comment" value="92" description="" />
   <keyValuePair key="removesourcesdialog_also_delete" value="1" description="" />
   <keyValuePair key="rungadget_run_gadget_tabbed_pane" value="2" description="" />
   <keyValuePair key="rungadget_show_error_and_critical_warning_messages" value="1" description="" />
   <keyValuePair key="rungadget_show_warning_and_error_messages_in_messages" value="3" description="" />
   <keyValuePair key="saveprojectutils_save" value="7" description="" />
   <keyValuePair key="schematicview_previous" value="74" description="" />
   <keyValuePair key="schematicview_toggle_autohide_pins_for_selected_cells" value="1" description="" />
   <keyValuePair key="simpleoutputproductdialog_generate_output_products_immediately" value="36" description="" />
   <keyValuePair key="srcchooserpanel_add_hdl_and_netlist_files_to_your_project" value="4" description="" />
   <keyValuePair key="srcchooserpanel_add_or_create_source_file" value="4" description="" />
   <keyValuePair key="srcchooserpanel_change_source_properties" value="2" description="" />
   <keyValuePair key="srcchooserpanel_create_file" value="21" description="" />
   <keyValuePair key="srcchoosertable_src_chooser_table" value="9" description="" />
   <keyValuePair key="srcmenu_ip_documentation" value="8" description="" />
   <keyValuePair key="srcmenu_ip_hierarchy" value="13" description="" />
   <keyValuePair key="stalemoreaction_out_of_date_details" value="1" description="" />
   <keyValuePair key="syntheticastatemonitor_cancel" value="1" description="" />
   <keyValuePair key="taskbanner_close" value="61" description="" />
   <keyValuePair key="touchpointsurveydialog_no" value="1" description="" />
   <keyValuePair key="xpg_ipsymbol_show_disabled_ports" value="9" description="" />
   <keyValuePair key="xpg_tabbedpane_tabbed_pane" value="20" description="" />
  </section>
  <section name="java_command_handlers" level="2" order="2" description="">
   <keyValuePair key="addsources" value="18" description="" />
   <keyValuePair key="autoconnecttarget" value="58" description="" />
   <keyValuePair key="coreview" value="19" description="" />
   <keyValuePair key="customizecore" value="23" description="" />
   <keyValuePair key="editdelete" value="13" description="" />
   <keyValuePair key="editpaste" value="4" description="" />
   <keyValuePair key="launchprogramfpga" value="77" description="" />
   <keyValuePair key="newproject" value="1" description="" />
   <keyValuePair key="openhardwaremanager" value="63" description="" />
   <keyValuePair key="recustomizecore" value="65" description="" />
   <keyValuePair key="reloaddesign" value="5" description="" />
   <keyValuePair key="runbitgen" value="77" description="" />
   <keyValuePair key="runimplementation" value="92" description="" />
   <keyValuePair key="runschematic" value="65" description="" />
   <keyValuePair key="runsynthesis" value="108" description="" />
   <keyValuePair key="savefileproxyhandler" value="7" description="" />
   <keyValuePair key="setsourceenabled" value="10" description="" />
   <keyValuePair key="settopnode" value="3" description="" />
   <keyValuePair key="showview" value="34" description="" />
   <keyValuePair key="toolssettings" value="1" description="" />
   <keyValuePair key="viewtaskimplementation" value="3" description="" />
   <keyValuePair key="viewtaskprojectmanager" value="2" description="" />
   <keyValuePair key="viewtaskrtlanalysis" value="22" description="" />
   <keyValuePair key="viewtasksynthesis" value="1" description="" />
   <keyValuePair key="zoomfit" value="11" description="" />
   <keyValuePair key="zoomin" value="11" description="" />
  </section>
  <section name="other_data" level="2" order="3" description="">
   <keyValuePair key="guimode" value="19" description="" />
  </section>
  <section name="project_data" level="2" order="4" description="">
   <keyValuePair key="constraintsetcount" value="1" description="" />
   <keyValuePair key="core_container" value="false" description="" />
   <keyValuePair key="currentimplrun" value="impl_1" description="" />
   <keyValuePair key="currentsynthesisrun" value="synth_1" description="" />
   <keyValuePair key="default_library" value="xil_defaultlib" description="" />
   <keyValuePair key="designmode" value="RTL" description="" />
   <keyValuePair key="export_simulation_activehdl" value="31" description="" />
   <keyValuePair key="export_simulation_ies" value="31" description="" />
   <keyValuePair key="export_simulation_modelsim" value="31" description="" />
   <keyValuePair key="export_simulation_questa" value="31" description="" />
   <keyValuePair key="export_simulation_riviera" value="31" description="" />
   <keyValuePair key="export_simulation_vcs" value="31" description="" />
   <keyValuePair key="export_simulation_xsim" value="31" description="" />
   <keyValuePair key="implstrategy" value="Vivado Implementation Defaults" description="" />
   <keyValuePair key="launch_simulation_activehdl" value="0" description="" />
   <keyValuePair key="launch_simulation_ies" value="0" description="" />
   <keyValuePair key="launch_simulation_modelsim" value="0" description="" />
   <keyValuePair key="launch_simulation_questa" value="0" description="" />
   <keyValuePair key="launch_simulation_riviera" value="0" description="" />
   <keyValuePair key="launch_simulation_vcs" value="0" description="" />
   <keyValuePair key="launch_simulation_xsim" value="0" description="" />
   <keyValuePair key="simulator_language" value="Mixed" description="" />
   <keyValuePair key="srcsetcount" value="12" description="" />
   <keyValuePair key="synthesisstrategy" value="Vivado Synthesis Defaults" description="" />
   <keyValuePair key="target_language" value="Verilog" description="" />
   <keyValuePair key="target_simulator" value="XSim" description="" />
   <keyValuePair key="totalimplruns" value="4" description="" />
   <keyValuePair key="totalsynthesisruns" value="4" description="" />
  </section>
 </section>
</section>
</webTalkData>
