<?xml version="1.0"?>
<Runs Version="1" Minor="0">
	<Run Id="fir_compiler_hp_synth_1" LaunchDir="C:/Users/jelte/Desktop/AudioInterface/AudioInterface.runs/fir_compiler_hp_synth_1" FlowId="Vivado_Synthesis" FromStepId="vivado" ToStepId="vivado"/>
	<Run Id="synth_1" LaunchDir="C:/Users/jelte/Desktop/AudioInterface/AudioInterface.runs/synth_1" FlowId="Vivado_Synthesis" FromStepId="vivado" ToStepId="vivado">
		<Parent Id="fir_compiler_hp_synth_1"/>
	</Run>
	<Parameters>
		<Parameter Name="runs.monitorLSFJobs" Val="true" Type="bool"/>
		<Parameter Name="runs.enableClusterConf" Val="true" Type="bool"/>
	</Parameters>
</Runs>

